genre,true_effect,estimated_effect,posterior_sd,ci_lower,ci_upper,error,abs_error,covered
Genre_0,0.6490142459033698,0.5827916923012355,0.05255538805375257,0.4821934778259918,0.6852985694143204,-0.06622255360213425,0.06622255360213425,True
Genre_1,0.4585207096486446,0.4533158741383354,0.05152175000102049,0.3511803676047462,0.5544032543930145,-0.0052048355103092026,0.0052048355103092026,True
Genre_2,0.6943065614302077,0.7304989774476651,0.05076506880549896,0.6308213008288088,0.8303990096716866,0.036192416017457374,0.036192416017457374,True
Genre_3,0.9569089569224076,0.9902127536349768,0.05306824862077684,0.8865831359664558,1.094888639083991,0.03330379671256922,0.03330379671256922,True
Genre_4,0.4297539875829992,0.4223454758666797,0.050401202980109916,0.3231044950863182,0.5181315510454578,-0.00740851171631951,0.00740851171631951,True
