Method,MSE,MAE,Coverage,Avg CI Width
No Pooling,0.13869329040818482,0.25905780712186255,0.935,1.2143438865316747
Complete Pooling,0.15395398100662594,0.31069000326959295,0.735,1.2224565651217014
HBM (Partial Pooling),0.052649837989167725,0.16604909776533117,0.975,0.8733062771670538
