Method,MSE,MAE,Coverage,Avg CI Width
No Pooling,0.1405093488067,0.2526490811165407,0.95,1.248824530677602
Complete Pooling,0.1599064448070428,0.31808874355632816,0.734,1.2591655779293032
HBM (Partial Pooling),0.055774077148968516,0.1712433136150322,0.968,0.8795708610945758
